1;Paint Company;Ryu;email@paintcompany.com;Japan
2;Sumber Jaya;Agus;email@sumberjaya.com;Indonesia
3;Matahari Sakti;Budi;email@mataharisakti.com;Indonesia
4;Sinar Alat;Herman;email@sinaralat.com;Indonesia
5;Rubber Company;Ali;email@rubbercompany.com;Malaysia
6;SuksesMakmur;Vincent;email@suskesmakmur.com;Indonesia
7;Duo Duo;Aaron;email@duoduo.com;China
8;Vegetation Co;Jun;email@vegetationco.com;Japan
9;Da Xiao;Xin;email@daxiao.com;China
10;Qiang De;Chen;email@qiangde.com;China
11;Test;Test;test@test;Test
